FirstName,LastName,Gender,Email,Password
Jake,Smith,Male,JakeSmith@gmail.com,4221
Daniel,Johnson,Male,DanielJohnson@gmail.com,6657
Jacod,Williams,Male,JacodWilliams@gmail.com,8646
Sam,Brown,Male,SamBrown@gmail.com,7411
Lousie,Jones,Female,LousieJones@gmail.com,4294
Jen,Garcia,Female,JenGarcia@gmail.com,5603
Tess,Miller,Female,TessMiller@gmail.com,2489
James,Smith,Male,JamesSmith@gmail.com,6659
Maude,Johnson,Female,MaudeJohnson@gmail.com,7323
Albane,Williams,Female,AlbaneWilliams@gmail.com,2101
Ishika,Brown,Female,IshikaBrown@gmail.com,4156
Ekta,Jones,Female,EktaJones@gmail.com,2356
Azaria,Garcia,Male,AzariaGarcia@gmail.com,8262
Ben,Miller,Male,BenMiller@gmail.com,9638
Clara,Smith,Male,ClaraSmith@gmail.com,7426
Olivia,Johnson,Female,OliviaJohnson@gmail.com,8351
Robert,Williams,Male,RobertWilliams@gmail.com,8566
Brian,Brown,Male,BrianBrown@gmail.com,9343
Alice,Jones,Female,AliceJones@gmail.com,9586
Alex,Garcia,Female,AlexGarcia@gmail.com,2285
Kate,Miller,Female,KateMiller@gmail.com,6119