FirstName,LastName,Gender,Email,Password
first,last,Male,admin@gmail.com,12345
Jake,Smith,Male,JakeSmith@gmail.com,MV34BI35
Jacod,Williams,Male,JacodWilliams@gmail.com,SO58MS68
Sam,Brown,Male,SamBrown@gmail.com,WB44BP28
Lousie,Jones,Female,LousieJones@gmail.com,TZ53XS81
Jen,Garcia,Female,JenGarcia@gmail.com,LW13BR66
Tess,Miller,Female,TessMiller@gmail.com,UJ15QZ11
James,Smith,Male,JamesSmith@gmail.com,OO73EE49
Maude,Johnson,Female,MaudeJohnson@gmail.com,TM43VK94
Albane,Williams,Female,AlbaneWilliams@gmail.com,ZP40RA37
Ishika,Brown,Female,IshikaBrown@gmail.com,JT56KP76
Ekta,Jones,Female,EktaJones@gmail.com,HN23NK41
Azaria,Garcia,Male,AzariaGarcia@gmail.com,AU93PH51
Ben,Miller,Male,BenMiller@gmail.com,NV18CH39
Clara,Smith,Male,ClaraSmith@gmail.com,CA73VW20
Olivia,Johnson,Female,OliviaJohnson@gmail.com,IE33NK36
Robert,Williams,Male,RobertWilliams@gmail.com,GW71RP30
Brian,Brown,Male,BrianBrown@gmail.com,WL49LA19
Alice,Jones,Female,AliceJones@gmail.com,SS83YK26
Alex,Garcia,Female,AlexGarcia@gmail.com,AI35ZO25
Kate,Miller,Female,KateMiller@gmail.com,QC63HV44
Albert,Vinson,Male,AlbertVinson@gmail.com,XY13CQ26
Harlee,Avery,Male,HarleeAvery@gmail.com,QL80NH73
Loren,Kerr,Female,LorenKerr@gmail.com,QP60YM32
Terri,Vang,Female,TerriVang@gmail.com,HD66VJ77
Cristian,Alvarez,Male,CristianAlvarez@gmail.com,ST71IH40
Miles,Holt,Male,MilesHolt@gmail.com,NL86XU25
Kenny,Strickland,Male,KennyStrickland@gmail.com,IG87DY34
Alys,Cline,Female,AlysCline@gmail.com,OA18DB23